{"cameraMode":{"drawMode":0,"name":"Shaded","section":"Shading Mode"},"sceneLighting":true,"audioPlay":false,"sceneViewState":{"showFog":true,"showMaterialUpdate":true,"showSkybox":true,"showFlares":true,"showImageEffects":true,"showParticleSystems":true},"in2DMode":false,"pivot":{"x":-3.5090363025665285,"y":0.9150921702384949,"z":1.9370661973953248},"rotation":{"x":0.07551021128892899,"y":0.8128987550735474,"z":-0.10817821323871613,"w":0.5673024654388428},"size":0.3142467141151428,"orthographic":false}