{"cameraMode":{"drawMode":0,"name":"Shaded","section":"Shading Mode"},"sceneLighting":true,"audioPlay":false,"sceneViewState":{"showFog":true,"showMaterialUpdate":true,"showSkybox":true,"showFlares":true,"showImageEffects":true,"showParticleSystems":true},"in2DMode":false,"pivot":{"x":-0.3692810535430908,"y":0.001054525375366211,"z":-0.20883989334106446},"rotation":{"x":0.0880194753408432,"y":0.9096190929412842,"z":-0.2505778968334198,"w":0.3195166289806366},"size":5.385753631591797,"orthographic":false}