{"cameraMode":{"drawMode":0,"name":"Shaded","section":"Shading Mode"},"sceneLighting":true,"audioPlay":false,"sceneViewState":{"showFog":true,"showMaterialUpdate":true,"showSkybox":true,"showFlares":true,"showImageEffects":true,"showParticleSystems":true},"in2DMode":false,"pivot":{"x":0.26903587579727175,"y":1.248635172843933,"z":2.253511428833008},"rotation":{"x":-0.005057990085333586,"y":0.9949619770050049,"z":-0.07357051968574524,"w":-0.06846088916063309},"size":0.3142467141151428,"orthographic":false}